points,pos,min,fgm,fga,fgp,ftm,fta,ftp,tpm,tpa,tpp,offReb,defReb,totReb,assists,pFouls,steals,turnovers,blocks,plusMinus,comment,player.id,player.firstname,player.lastname,team.id,team.name,team.nickname,team.code,team.logo,game.id
7,C,17,3,3,100.0,1,2,50.0,0,0,0,0,5,5,0,0,0,0,1,+16,,192,Rudy,Gobert,22,Minnesota Timberwolves,Timberwolves,MIN,https://upload.wikimedia.org/wikipedia/fr/thumb/d/d9/Timberwolves_du_Minnesota_logo_2017.png/200px-Timberwolves_du_Minnesota_logo_2017.png,12478
4,C,22,1,1,100.0,2,2,100.0,0,0,0,1,8,9,1,1,2,1,0,+2,,192,Rudy,Gobert,22,Minnesota Timberwolves,Timberwolves,MIN,https://upload.wikimedia.org/wikipedia/fr/thumb/d/d9/Timberwolves_du_Minnesota_logo_2017.png/200px-Timberwolves_du_Minnesota_logo_2017.png,12511
10,C,22,4,7,57.1,2,3,66.7,0,1,0,1,5,6,2,3,0,2,0,-1,,192,Rudy,Gobert,22,Minnesota Timberwolves,Timberwolves,MIN,https://upload.wikimedia.org/wikipedia/fr/thumb/d/d9/Timberwolves_du_Minnesota_logo_2017.png/200px-Timberwolves_du_Minnesota_logo_2017.png,12536
15,C,32,6,12,50.0,3,5,60.0,0,0,0,5,8,13,1,3,2,2,4,-11,,192,Rudy,Gobert,22,Minnesota Timberwolves,Timberwolves,MIN,https://upload.wikimedia.org/wikipedia/fr/thumb/d/d9/Timberwolves_du_Minnesota_logo_2017.png/200px-Timberwolves_du_Minnesota_logo_2017.png,12557
14,C,31,7,9,77.8,0,0,0,0,0,0,4,10,14,1,1,1,2,0,+14,,192,Rudy,Gobert,22,Minnesota Timberwolves,Timberwolves,MIN,https://upload.wikimedia.org/wikipedia/fr/thumb/d/d9/Timberwolves_du_Minnesota_logo_2017.png/200px-Timberwolves_du_Minnesota_logo_2017.png,12581
14,C,31,3,7,42.9,8,11,72.7,0,0,0,6,7,13,1,2,1,0,2,-13,,192,Rudy,Gobert,22,Minnesota Timberwolves,Timberwolves,MIN,https://upload.wikimedia.org/wikipedia/fr/thumb/d/d9/Timberwolves_du_Minnesota_logo_2017.png/200px-Timberwolves_du_Minnesota_logo_2017.png,12592
4,C,32,0,7,0,4,4,100.0,0,0,0,2,10,12,1,3,1,1,2,+15,,192,Rudy,Gobert,22,Minnesota Timberwolves,Timberwolves,MIN,https://upload.wikimedia.org/wikipedia/fr/thumb/d/d9/Timberwolves_du_Minnesota_logo_2017.png/200px-Timberwolves_du_Minnesota_logo_2017.png,12611
11,C,29,5,10,50.0,1,2,50.0,0,0,0,4,6,10,1,3,0,1,4,+10,,192,Rudy,Gobert,22,Minnesota Timberwolves,Timberwolves,MIN,https://upload.wikimedia.org/wikipedia/fr/thumb/d/d9/Timberwolves_du_Minnesota_logo_2017.png/200px-Timberwolves_du_Minnesota_logo_2017.png,12633
14,C,41,6,6,100.0,2,11,18.2,0,0,0,2,10,12,1,4,0,2,1,+24,,192,Rudy,Gobert,22,Minnesota Timberwolves,Timberwolves,MIN,https://upload.wikimedia.org/wikipedia/fr/thumb/d/d9/Timberwolves_du_Minnesota_logo_2017.png/200px-Timberwolves_du_Minnesota_logo_2017.png,12649
17,C,32,4,5,80.0,9,12,75.0,0,0,0,5,16,21,1,2,0,4,2,+24,,192,Rudy,Gobert,22,Minnesota Timberwolves,Timberwolves,MIN,https://upload.wikimedia.org/wikipedia/fr/thumb/d/d9/Timberwolves_du_Minnesota_logo_2017.png/200px-Timberwolves_du_Minnesota_logo_2017.png,12661
11,C,34,5,10,50.0,1,1,100.0,0,0,0,4,6,10,1,3,1,1,0,+1,,192,Rudy,Gobert,22,Minnesota Timberwolves,Timberwolves,MIN,https://upload.wikimedia.org/wikipedia/fr/thumb/d/d9/Timberwolves_du_Minnesota_logo_2017.png/200px-Timberwolves_du_Minnesota_logo_2017.png,12673
10,C,35,4,7,57.1,2,8,25.0,0,0,0,4,6,10,3,3,1,2,5,-1,,192,Rudy,Gobert,22,Minnesota Timberwolves,Timberwolves,MIN,https://upload.wikimedia.org/wikipedia/fr/thumb/d/d9/Timberwolves_du_Minnesota_logo_2017.png/200px-Timberwolves_du_Minnesota_logo_2017.png,12690
9,C,35,2,8,25.0,5,6,83.3,0,0,0,6,7,13,2,4,0,2,3,+8,,192,Rudy,Gobert,22,Minnesota Timberwolves,Timberwolves,MIN,https://upload.wikimedia.org/wikipedia/fr/thumb/d/d9/Timberwolves_du_Minnesota_logo_2017.png/200px-Timberwolves_du_Minnesota_logo_2017.png,12704
4,C,25,2,5,40.0,0,0,0,0,0,0,4,4,8,2,2,1,2,2,-25,,192,Rudy,Gobert,22,Minnesota Timberwolves,Timberwolves,MIN,https://upload.wikimedia.org/wikipedia/fr/thumb/d/d9/Timberwolves_du_Minnesota_logo_2017.png/200px-Timberwolves_du_Minnesota_logo_2017.png,12711
17,C,34,5,7,71.4,7,10,70.0,0,0,0,2,9,11,1,2,2,1,1,-7,,192,Rudy,Gobert,22,Minnesota Timberwolves,Timberwolves,MIN,https://upload.wikimedia.org/wikipedia/fr/thumb/d/d9/Timberwolves_du_Minnesota_logo_2017.png/200px-Timberwolves_du_Minnesota_logo_2017.png,12728
16,C,26,7,7,100.0,2,7,28.6,0,0,0,3,4,7,1,2,0,1,2,+16,,192,Rudy,Gobert,22,Minnesota Timberwolves,Timberwolves,MIN,https://upload.wikimedia.org/wikipedia/fr/thumb/d/d9/Timberwolves_du_Minnesota_logo_2017.png/200px-Timberwolves_du_Minnesota_logo_2017.png,12746
13,C,31,6,8,75.0,1,2,50.0,0,0,0,3,8,11,3,3,0,2,3,+1,,192,Rudy,Gobert,22,Minnesota Timberwolves,Timberwolves,MIN,https://upload.wikimedia.org/wikipedia/fr/thumb/d/d9/Timberwolves_du_Minnesota_logo_2017.png/200px-Timberwolves_du_Minnesota_logo_2017.png,12762
12,C,36,5,8,62.5,2,2,100.0,0,0,0,3,8,11,0,5,0,3,2,+4,,192,Rudy,Gobert,22,Minnesota Timberwolves,Timberwolves,MIN,https://upload.wikimedia.org/wikipedia/fr/thumb/d/d9/Timberwolves_du_Minnesota_logo_2017.png/200px-Timberwolves_du_Minnesota_logo_2017.png,12776
13,C,25,5,7,71.4,3,4,75.0,0,0,0,1,3,4,0,5,0,2,2,+16,,192,Rudy,Gobert,22,Minnesota Timberwolves,Timberwolves,MIN,https://upload.wikimedia.org/wikipedia/fr/thumb/d/d9/Timberwolves_du_Minnesota_logo_2017.png/200px-Timberwolves_du_Minnesota_logo_2017.png,12789
17,C,36,6,10,60.0,5,6,83.3,0,0,0,6,10,16,0,1,1,1,4,-1,,192,Rudy,Gobert,22,Minnesota Timberwolves,Timberwolves,MIN,https://upload.wikimedia.org/wikipedia/fr/thumb/d/d9/Timberwolves_du_Minnesota_logo_2017.png/200px-Timberwolves_du_Minnesota_logo_2017.png,12803
15,C,37,6,11,54.5,3,4,75.0,0,0,0,3,10,13,0,4,0,0,3,+15,,192,Rudy,Gobert,22,Minnesota Timberwolves,Timberwolves,MIN,https://upload.wikimedia.org/wikipedia/fr/thumb/d/d9/Timberwolves_du_Minnesota_logo_2017.png/200px-Timberwolves_du_Minnesota_logo_2017.png,12818
26,C,39,10,12,83.3,6,9,66.7,0,0,0,2,10,12,0,1,0,1,3,+10,,192,Rudy,Gobert,22,Minnesota Timberwolves,Timberwolves,MIN,https://upload.wikimedia.org/wikipedia/fr/thumb/d/d9/Timberwolves_du_Minnesota_logo_2017.png/200px-Timberwolves_du_Minnesota_logo_2017.png,12829
16,C,30,7,8,87.5,2,2,100.0,0,0,0,5,15,20,2,3,0,1,2,+31,,192,Rudy,Gobert,22,Minnesota Timberwolves,Timberwolves,MIN,https://upload.wikimedia.org/wikipedia/fr/thumb/d/d9/Timberwolves_du_Minnesota_logo_2017.png/200px-Timberwolves_du_Minnesota_logo_2017.png,13758
16,C,36,6,9,66.7,4,4,100.0,0,0,0,9,11,20,1,4,1,2,6,+25,,192,Rudy,Gobert,22,Minnesota Timberwolves,Timberwolves,MIN,https://upload.wikimedia.org/wikipedia/fr/thumb/d/d9/Timberwolves_du_Minnesota_logo_2017.png/200px-Timberwolves_du_Minnesota_logo_2017.png,13769
8,C,25,4,8,50.0,0,0,0,0,0,0,2,6,8,0,4,0,2,2,-20,,192,Rudy,Gobert,22,Minnesota Timberwolves,Timberwolves,MIN,https://upload.wikimedia.org/wikipedia/fr/thumb/d/d9/Timberwolves_du_Minnesota_logo_2017.png/200px-Timberwolves_du_Minnesota_logo_2017.png,12849
8,C,30,3,4,75.0,2,6,33.3,0,0,0,2,10,12,5,4,3,2,1,+11,,192,Rudy,Gobert,22,Minnesota Timberwolves,Timberwolves,MIN,https://upload.wikimedia.org/wikipedia/fr/thumb/d/d9/Timberwolves_du_Minnesota_logo_2017.png/200px-Timberwolves_du_Minnesota_logo_2017.png,12869
5,C,25,2,3,66.7,1,4,25.0,0,0,0,2,5,7,1,1,1,2,1,+3,,192,Rudy,Gobert,22,Minnesota Timberwolves,Timberwolves,MIN,https://upload.wikimedia.org/wikipedia/fr/thumb/d/d9/Timberwolves_du_Minnesota_logo_2017.png/200px-Timberwolves_du_Minnesota_logo_2017.png,12886
9,C,35,3,8,37.5,3,4,75.0,0,0,0,3,13,16,2,2,2,1,2,+4,,192,Rudy,Gobert,22,Minnesota Timberwolves,Timberwolves,MIN,https://upload.wikimedia.org/wikipedia/fr/thumb/d/d9/Timberwolves_du_Minnesota_logo_2017.png/200px-Timberwolves_du_Minnesota_logo_2017.png,12901
8,C,24,3,4,75.0,2,2,100.0,0,0,0,2,7,9,1,4,2,0,0,+6,,192,Rudy,Gobert,22,Minnesota Timberwolves,Timberwolves,MIN,https://upload.wikimedia.org/wikipedia/fr/thumb/d/d9/Timberwolves_du_Minnesota_logo_2017.png/200px-Timberwolves_du_Minnesota_logo_2017.png,12915
15,C,37,6,11,54.5,3,6,50.0,0,0,0,5,8,13,3,3,1,2,3,-1,,192,Rudy,Gobert,22,Minnesota Timberwolves,Timberwolves,MIN,https://upload.wikimedia.org/wikipedia/fr/thumb/d/d9/Timberwolves_du_Minnesota_logo_2017.png/200px-Timberwolves_du_Minnesota_logo_2017.png,12928
21,C,39,10,13,76.9,1,2,50.0,0,0,0,6,11,17,1,3,0,1,2,+27,,192,Rudy,Gobert,22,Minnesota Timberwolves,Timberwolves,MIN,https://upload.wikimedia.org/wikipedia/fr/thumb/d/d9/Timberwolves_du_Minnesota_logo_2017.png/200px-Timberwolves_du_Minnesota_logo_2017.png,12948
10,C,29,2,6,33.3,6,8,75.0,0,1,0,0,5,5,0,1,0,1,0,-14,,192,Rudy,Gobert,22,Minnesota Timberwolves,Timberwolves,MIN,https://upload.wikimedia.org/wikipedia/fr/thumb/d/d9/Timberwolves_du_Minnesota_logo_2017.png/200px-Timberwolves_du_Minnesota_logo_2017.png,12959
20,C,38,7,7,100.0,6,7,85.7,0,0,0,2,9,11,2,2,0,2,3,+3,,192,Rudy,Gobert,22,Minnesota Timberwolves,Timberwolves,MIN,https://upload.wikimedia.org/wikipedia/fr/thumb/d/d9/Timberwolves_du_Minnesota_logo_2017.png/200px-Timberwolves_du_Minnesota_logo_2017.png,12971
13,C,38,6,7,85.7,1,1,100.0,0,0,0,4,9,13,0,3,2,4,1,+19,,192,Rudy,Gobert,22,Minnesota Timberwolves,Timberwolves,MIN,https://upload.wikimedia.org/wikipedia/fr/thumb/d/d9/Timberwolves_du_Minnesota_logo_2017.png/200px-Timberwolves_du_Minnesota_logo_2017.png,12991
10,C,38,3,8,37.5,4,6,66.7,0,0,0,2,13,15,1,2,0,1,0,-11,,192,Rudy,Gobert,22,Minnesota Timberwolves,Timberwolves,MIN,https://upload.wikimedia.org/wikipedia/fr/thumb/d/d9/Timberwolves_du_Minnesota_logo_2017.png/200px-Timberwolves_du_Minnesota_logo_2017.png,12999
5,C,24,2,3,66.7,1,2,50.0,0,0,0,1,4,5,0,4,0,1,1,-16,,192,Rudy,Gobert,22,Minnesota Timberwolves,Timberwolves,MIN,https://upload.wikimedia.org/wikipedia/fr/thumb/d/d9/Timberwolves_du_Minnesota_logo_2017.png/200px-Timberwolves_du_Minnesota_logo_2017.png,13019
13,C,33,6,7,85.7,1,3,33.3,0,0,0,3,9,12,1,2,2,1,2,+22,,192,Rudy,Gobert,22,Minnesota Timberwolves,Timberwolves,MIN,https://upload.wikimedia.org/wikipedia/fr/thumb/d/d9/Timberwolves_du_Minnesota_logo_2017.png/200px-Timberwolves_du_Minnesota_logo_2017.png,13033
9,C,34,4,9,44.4,1,4,25.0,0,0,0,6,11,17,1,4,1,5,0,+1,,192,Rudy,Gobert,22,Minnesota Timberwolves,Timberwolves,MIN,https://upload.wikimedia.org/wikipedia/fr/thumb/d/d9/Timberwolves_du_Minnesota_logo_2017.png/200px-Timberwolves_du_Minnesota_logo_2017.png,13049
21,C,34,8,10,80.0,5,6,83.3,0,0,0,1,11,12,1,3,1,2,3,+13,,192,Rudy,Gobert,22,Minnesota Timberwolves,Timberwolves,MIN,https://upload.wikimedia.org/wikipedia/fr/thumb/d/d9/Timberwolves_du_Minnesota_logo_2017.png/200px-Timberwolves_du_Minnesota_logo_2017.png,13061
24,C,28,9,11,81.8,6,8,75.0,0,0,0,5,12,17,0,2,0,1,2,+33,,192,Rudy,Gobert,22,Minnesota Timberwolves,Timberwolves,MIN,https://upload.wikimedia.org/wikipedia/fr/thumb/d/d9/Timberwolves_du_Minnesota_logo_2017.png/200px-Timberwolves_du_Minnesota_logo_2017.png,13086
15,C,37,4,5,80.0,7,14,50.0,0,0,0,3,15,18,0,4,0,1,4,-1,,192,Rudy,Gobert,22,Minnesota Timberwolves,Timberwolves,MIN,https://upload.wikimedia.org/wikipedia/fr/thumb/d/d9/Timberwolves_du_Minnesota_logo_2017.png/200px-Timberwolves_du_Minnesota_logo_2017.png,13101
19,C,38,8,11,72.7,3,4,75.0,0,0,0,5,11,16,2,4,0,1,1,+12,,192,Rudy,Gobert,22,Minnesota Timberwolves,Timberwolves,MIN,https://upload.wikimedia.org/wikipedia/fr/thumb/d/d9/Timberwolves_du_Minnesota_logo_2017.png/200px-Timberwolves_du_Minnesota_logo_2017.png,13117
17,C,39,5,10,50.0,7,10,70.0,0,1,0,3,7,10,4,3,0,3,6,+20,,192,Rudy,Gobert,22,Minnesota Timberwolves,Timberwolves,MIN,https://upload.wikimedia.org/wikipedia/fr/thumb/d/d9/Timberwolves_du_Minnesota_logo_2017.png/200px-Timberwolves_du_Minnesota_logo_2017.png,13130
7,C,33,1,6,16.7,5,8,62.5,0,0,0,4,14,18,2,4,0,2,0,-4,,192,Rudy,Gobert,22,Minnesota Timberwolves,Timberwolves,MIN,https://upload.wikimedia.org/wikipedia/fr/thumb/d/d9/Timberwolves_du_Minnesota_logo_2017.png/200px-Timberwolves_du_Minnesota_logo_2017.png,13147
13,C,39,6,6,100.0,1,2,50.0,0,0,0,2,9,11,1,3,0,0,0,-10,,192,Rudy,Gobert,22,Minnesota Timberwolves,Timberwolves,MIN,https://upload.wikimedia.org/wikipedia/fr/thumb/d/d9/Timberwolves_du_Minnesota_logo_2017.png/200px-Timberwolves_du_Minnesota_logo_2017.png,13158
19,C,35,7,11,63.6,5,6,83.3,0,0,0,7,9,16,1,4,0,0,4,+9,,192,Rudy,Gobert,22,Minnesota Timberwolves,Timberwolves,MIN,https://upload.wikimedia.org/wikipedia/fr/thumb/d/d9/Timberwolves_du_Minnesota_logo_2017.png/200px-Timberwolves_du_Minnesota_logo_2017.png,13168
10,C,33,4,9,44.4,2,2,100.0,0,0,0,1,12,13,1,3,1,1,2,+3,,192,Rudy,Gobert,22,Minnesota Timberwolves,Timberwolves,MIN,https://upload.wikimedia.org/wikipedia/fr/thumb/d/d9/Timberwolves_du_Minnesota_logo_2017.png/200px-Timberwolves_du_Minnesota_logo_2017.png,13177
19,C,37,8,9,88.9,3,4,75.0,0,0,0,2,5,7,1,4,1,1,1,-4,,192,Rudy,Gobert,22,Minnesota Timberwolves,Timberwolves,MIN,https://upload.wikimedia.org/wikipedia/fr/thumb/d/d9/Timberwolves_du_Minnesota_logo_2017.png/200px-Timberwolves_du_Minnesota_logo_2017.png,13197
12,C,36,6,6,100.0,0,1,0,0,0,0,4,14,18,1,0,1,3,1,+11,,192,Rudy,Gobert,22,Minnesota Timberwolves,Timberwolves,MIN,https://upload.wikimedia.org/wikipedia/fr/thumb/d/d9/Timberwolves_du_Minnesota_logo_2017.png/200px-Timberwolves_du_Minnesota_logo_2017.png,13212
17,C,28,5,9,55.6,7,12,58.3,0,0,0,2,4,6,0,4,0,2,2,+18,,192,Rudy,Gobert,22,Minnesota Timberwolves,Timberwolves,MIN,https://upload.wikimedia.org/wikipedia/fr/thumb/d/d9/Timberwolves_du_Minnesota_logo_2017.png/200px-Timberwolves_du_Minnesota_logo_2017.png,13228
22,C,39,6,7,85.7,10,11,90.9,0,0,0,3,13,16,2,5,0,1,2,0,,192,Rudy,Gobert,22,Minnesota Timberwolves,Timberwolves,MIN,https://upload.wikimedia.org/wikipedia/fr/thumb/d/d9/Timberwolves_du_Minnesota_logo_2017.png/200px-Timberwolves_du_Minnesota_logo_2017.png,13242
17,C,31,7,9,77.8,3,5,60.0,0,0,0,3,10,13,1,1,1,0,4,+32,,192,Rudy,Gobert,22,Minnesota Timberwolves,Timberwolves,MIN,https://upload.wikimedia.org/wikipedia/fr/thumb/d/d9/Timberwolves_du_Minnesota_logo_2017.png/200px-Timberwolves_du_Minnesota_logo_2017.png,13257
12,C,44,3,6,50.0,6,10,60.0,0,0,0,7,9,16,1,5,1,1,1,-8,,192,Rudy,Gobert,22,Minnesota Timberwolves,Timberwolves,MIN,https://upload.wikimedia.org/wikipedia/fr/thumb/d/d9/Timberwolves_du_Minnesota_logo_2017.png/200px-Timberwolves_du_Minnesota_logo_2017.png,13271
16,C,35,8,9,88.9,0,1,0,0,0,0,3,8,11,4,3,1,0,0,+13,,192,Rudy,Gobert,22,Minnesota Timberwolves,Timberwolves,MIN,https://upload.wikimedia.org/wikipedia/fr/thumb/d/d9/Timberwolves_du_Minnesota_logo_2017.png/200px-Timberwolves_du_Minnesota_logo_2017.png,13286
17,C,33,6,10,60.0,5,5,100.0,0,0,0,5,5,10,0,4,0,2,4,+9,,192,Rudy,Gobert,22,Minnesota Timberwolves,Timberwolves,MIN,https://upload.wikimedia.org/wikipedia/fr/thumb/d/d9/Timberwolves_du_Minnesota_logo_2017.png/200px-Timberwolves_du_Minnesota_logo_2017.png,13318
16,C,37,7,10,70.0,2,4,50.0,0,0,0,6,9,15,1,3,0,1,1,+12,,192,Rudy,Gobert,22,Minnesota Timberwolves,Timberwolves,MIN,https://upload.wikimedia.org/wikipedia/fr/thumb/d/d9/Timberwolves_du_Minnesota_logo_2017.png/200px-Timberwolves_du_Minnesota_logo_2017.png,13323
11,C,26,4,7,57.1,3,4,75.0,0,0,0,2,10,12,2,4,0,3,2,+19,,192,Rudy,Gobert,22,Minnesota Timberwolves,Timberwolves,MIN,https://upload.wikimedia.org/wikipedia/fr/thumb/d/d9/Timberwolves_du_Minnesota_logo_2017.png/200px-Timberwolves_du_Minnesota_logo_2017.png,13339
12,C,38,6,8,75.0,0,1,0,0,0,0,7,12,19,1,5,0,0,2,+5,,192,Rudy,Gobert,22,Minnesota Timberwolves,Timberwolves,MIN,https://upload.wikimedia.org/wikipedia/fr/thumb/d/d9/Timberwolves_du_Minnesota_logo_2017.png/200px-Timberwolves_du_Minnesota_logo_2017.png,13356
13,C,39,6,12,50.0,1,2,50.0,0,1,0,6,11,17,3,2,0,1,4,+4,,192,Rudy,Gobert,22,Minnesota Timberwolves,Timberwolves,MIN,https://upload.wikimedia.org/wikipedia/fr/thumb/d/d9/Timberwolves_du_Minnesota_logo_2017.png/200px-Timberwolves_du_Minnesota_logo_2017.png,13386
8,C,27,3,4,75.0,2,4,50.0,0,0,0,2,6,8,0,2,1,3,2,-16,,192,Rudy,Gobert,22,Minnesota Timberwolves,Timberwolves,MIN,https://upload.wikimedia.org/wikipedia/fr/thumb/d/d9/Timberwolves_du_Minnesota_logo_2017.png/200px-Timberwolves_du_Minnesota_logo_2017.png,13393
16,C,42,6,9,66.7,4,8,50.0,0,0,0,2,14,16,1,5,0,1,3,-6,,192,Rudy,Gobert,22,Minnesota Timberwolves,Timberwolves,MIN,https://upload.wikimedia.org/wikipedia/fr/thumb/d/d9/Timberwolves_du_Minnesota_logo_2017.png/200px-Timberwolves_du_Minnesota_logo_2017.png,13410
12,C,40,5,7,71.4,2,2,100.0,0,0,0,3,13,16,2,3,0,1,3,+4,,192,Rudy,Gobert,22,Minnesota Timberwolves,Timberwolves,MIN,https://upload.wikimedia.org/wikipedia/fr/thumb/d/d9/Timberwolves_du_Minnesota_logo_2017.png/200px-Timberwolves_du_Minnesota_logo_2017.png,13421
25,C,39,9,10,90.0,7,7,100.0,0,0,0,5,11,16,0,6,1,3,3,-4,,192,Rudy,Gobert,22,Minnesota Timberwolves,Timberwolves,MIN,https://upload.wikimedia.org/wikipedia/fr/thumb/d/d9/Timberwolves_du_Minnesota_logo_2017.png/200px-Timberwolves_du_Minnesota_logo_2017.png,13429
18,C,40,7,11,63.6,4,5,80.0,0,0,0,6,8,14,0,2,2,2,3,+6,,192,Rudy,Gobert,22,Minnesota Timberwolves,Timberwolves,MIN,https://upload.wikimedia.org/wikipedia/fr/thumb/d/d9/Timberwolves_du_Minnesota_logo_2017.png/200px-Timberwolves_du_Minnesota_logo_2017.png,13451
7,C,37,3,7,42.9,1,2,50.0,0,0,0,4,13,17,2,6,1,2,2,+7,,192,Rudy,Gobert,22,Minnesota Timberwolves,Timberwolves,MIN,https://upload.wikimedia.org/wikipedia/fr/thumb/d/d9/Timberwolves_du_Minnesota_logo_2017.png/200px-Timberwolves_du_Minnesota_logo_2017.png,13459
8,C,33,4,7,57.1,0,0,0,0,0,0,7,4,11,3,2,2,0,2,+11,,192,Rudy,Gobert,22,Minnesota Timberwolves,Timberwolves,MIN,https://upload.wikimedia.org/wikipedia/fr/thumb/d/d9/Timberwolves_du_Minnesota_logo_2017.png/200px-Timberwolves_du_Minnesota_logo_2017.png,13492
9,C,37,4,8,50.0,1,4,25.0,0,0,0,6,9,15,1,2,0,1,2,+10,,192,Rudy,Gobert,22,Minnesota Timberwolves,Timberwolves,MIN,https://upload.wikimedia.org/wikipedia/fr/thumb/d/d9/Timberwolves_du_Minnesota_logo_2017.png/200px-Timberwolves_du_Minnesota_logo_2017.png,13562
17,C,37,7,10,70.0,3,3,100.0,0,0,0,1,11,12,2,5,0,4,1,+8,,192,Rudy,Gobert,22,Minnesota Timberwolves,Timberwolves,MIN,https://upload.wikimedia.org/wikipedia/fr/thumb/d/d9/Timberwolves_du_Minnesota_logo_2017.png/200px-Timberwolves_du_Minnesota_logo_2017.png,13579
11,C,34,5,5,100.0,1,1,100.0,0,0,0,5,9,14,4,4,0,3,2,+20,,192,Rudy,Gobert,22,Minnesota Timberwolves,Timberwolves,MIN,https://upload.wikimedia.org/wikipedia/fr/thumb/d/d9/Timberwolves_du_Minnesota_logo_2017.png/200px-Timberwolves_du_Minnesota_logo_2017.png,13604
21,C,35,7,8,87.5,7,15,46.7,0,0,0,3,9,12,2,5,0,0,3,+1,,192,Rudy,Gobert,22,Minnesota Timberwolves,Timberwolves,MIN,https://upload.wikimedia.org/wikipedia/fr/thumb/d/d9/Timberwolves_du_Minnesota_logo_2017.png/200px-Timberwolves_du_Minnesota_logo_2017.png,13619
19,C,38,8,9,88.9,3,7,42.9,0,0,0,3,7,10,1,2,2,0,1,-4,,192,Rudy,Gobert,22,Minnesota Timberwolves,Timberwolves,MIN,https://upload.wikimedia.org/wikipedia/fr/thumb/d/d9/Timberwolves_du_Minnesota_logo_2017.png/200px-Timberwolves_du_Minnesota_logo_2017.png,13632
12,C,35,4,7,57.1,4,6,66.7,0,0,0,1,13,14,0,3,0,1,2,-8,,192,Rudy,Gobert,22,Minnesota Timberwolves,Timberwolves,MIN,https://upload.wikimedia.org/wikipedia/fr/thumb/d/d9/Timberwolves_du_Minnesota_logo_2017.png/200px-Timberwolves_du_Minnesota_logo_2017.png,13646
11,C,27,3,6,50.0,5,8,62.5,0,0,0,5,10,15,3,3,1,4,2,+33,,192,Rudy,Gobert,22,Minnesota Timberwolves,Timberwolves,MIN,https://upload.wikimedia.org/wikipedia/fr/thumb/d/d9/Timberwolves_du_Minnesota_logo_2017.png/200px-Timberwolves_du_Minnesota_logo_2017.png,13656
4,C,29,2,5,40.0,0,0,0,0,0,0,2,4,6,1,4,0,1,2,-26,,192,Rudy,Gobert,22,Minnesota Timberwolves,Timberwolves,MIN,https://upload.wikimedia.org/wikipedia/fr/thumb/d/d9/Timberwolves_du_Minnesota_logo_2017.png/200px-Timberwolves_du_Minnesota_logo_2017.png,13673
18,C,37,9,13,69.2,0,0,0,0,0,0,8,8,16,3,2,2,3,1,+8,,192,Rudy,Gobert,22,Minnesota Timberwolves,Timberwolves,MIN,https://upload.wikimedia.org/wikipedia/fr/thumb/d/d9/Timberwolves_du_Minnesota_logo_2017.png/200px-Timberwolves_du_Minnesota_logo_2017.png,13691
19,C,38,5,9,55.6,9,13,69.2,0,0,0,5,11,16,3,3,2,1,4,+12,,192,Rudy,Gobert,22,Minnesota Timberwolves,Timberwolves,MIN,https://upload.wikimedia.org/wikipedia/fr/thumb/d/d9/Timberwolves_du_Minnesota_logo_2017.png/200px-Timberwolves_du_Minnesota_logo_2017.png,13700
13,C,39,6,7,85.7,1,3,33.3,0,0,0,5,10,15,3,5,2,2,1,-17,,192,Rudy,Gobert,22,Minnesota Timberwolves,Timberwolves,MIN,https://upload.wikimedia.org/wikipedia/fr/thumb/d/d9/Timberwolves_du_Minnesota_logo_2017.png/200px-Timberwolves_du_Minnesota_logo_2017.png,13712
25,C,37,10,10,100.0,5,8,62.5,0,0,0,4,15,19,0,2,1,1,5,+13,,192,Rudy,Gobert,22,Minnesota Timberwolves,Timberwolves,MIN,https://upload.wikimedia.org/wikipedia/fr/thumb/d/d9/Timberwolves_du_Minnesota_logo_2017.png/200px-Timberwolves_du_Minnesota_logo_2017.png,13726
21,C,32,7,9,77.8,7,9,77.8,0,0,0,3,4,7,1,3,2,1,1,-17,,192,Rudy,Gobert,22,Minnesota Timberwolves,Timberwolves,MIN,https://upload.wikimedia.org/wikipedia/fr/thumb/d/d9/Timberwolves_du_Minnesota_logo_2017.png/200px-Timberwolves_du_Minnesota_logo_2017.png,13742
14,C,37,4,6,66.7,6,7,85.7,0,0,0,6,10,16,2,4,0,1,0,+19,,192,Rudy,Gobert,22,Minnesota Timberwolves,Timberwolves,MIN,https://upload.wikimedia.org/wikipedia/fr/thumb/d/d9/Timberwolves_du_Minnesota_logo_2017.png/200px-Timberwolves_du_Minnesota_logo_2017.png,13939
18,C,39,6,8,75.0,6,7,85.7,0,0,0,2,7,9,2,2,3,1,1,+12,,192,Rudy,Gobert,22,Minnesota Timberwolves,Timberwolves,MIN,https://upload.wikimedia.org/wikipedia/fr/thumb/d/d9/Timberwolves_du_Minnesota_logo_2017.png/200px-Timberwolves_du_Minnesota_logo_2017.png,13949
19,C,38,6,8,75.0,7,8,87.5,0,0,0,4,10,14,1,2,1,2,0,+21,,192,Rudy,Gobert,22,Minnesota Timberwolves,Timberwolves,MIN,https://upload.wikimedia.org/wikipedia/fr/thumb/d/d9/Timberwolves_du_Minnesota_logo_2017.png/200px-Timberwolves_du_Minnesota_logo_2017.png,13957
9,C,25,3,9,33.3,3,3,100.0,0,0,0,3,2,5,1,4,1,4,2,+10,,192,Rudy,Gobert,22,Minnesota Timberwolves,Timberwolves,MIN,https://upload.wikimedia.org/wikipedia/fr/thumb/d/d9/Timberwolves_du_Minnesota_logo_2017.png/200px-Timberwolves_du_Minnesota_logo_2017.png,13963
6,C,35,3,6,50.0,0,0,0,0,0,0,1,12,13,3,4,1,0,3,+12,,192,Rudy,Gobert,22,Minnesota Timberwolves,Timberwolves,MIN,https://upload.wikimedia.org/wikipedia/fr/thumb/d/d9/Timberwolves_du_Minnesota_logo_2017.png/200px-Timberwolves_du_Minnesota_logo_2017.png,13996
